Proveedor;Acumulado en compras
1;[(2637.2000000000007,)]
2;[(1318.6,)]
3;[(988.9499999999999,)]
4;[(1648.2500000000002,)]
